user,vada0,vada1,vada2,vada3,vada4,vada5,vada6,vada7,vada8,vada9,vada10,vada11,vada12,vada13,vada14,vada15,vada16,vada17,vada18,vada19,vada20,vada21,vada22,vada23,vada24,vada25,vada26,vada27,vada28,vada29,vada30,vada31,vada32,vada33,vada34,vada35,vada36,vada37,vada38,vada39,vada40,vada41,vada42,vada43,vada44,vada45,vada46,vada47,vada48,vada49
0,,,,,,,,,,,,,,,,,,,,,,,,,,,,,,,,,,,,,,,,,,,,,,,,,,
1,3,2,3,4,2,,1,2,2,4,4,,,4,4,2,1,,,3,4,,4,3,,,4,,3,,2,2,1,,,,4,2,2,2,,1,2,3,3,,,2,2,3
2,2,4,1,,,1,1,2,1,,,,,,,2,,2,2,,3,,1,1,,4,1,4,3,,3,,3,2,1,,2,,1,,4,2,,2,,2,3,3,,
3,,,1,,1,2,,,2,1,,1,2,,,4,,,,,,,,3,,4,,1,,2,,2,4,,2,,,,,2,,,,,,,,,1,2
4,2,,4,,3,,3,1,,2,2,2,2,,2,,1,,,3,1,1,2,2,,4,4,4,3,1,,4,,,3,,3,,3,,,2,3,3,,,1,1,4,1
5,4,1,1,1,2,1,2,1,,,,,2,,4,,,,,,,1,,4,2,,,3,2,3,2,3,3,,3,,,1,,,,,3,2,,4,,1,,2
6,2,,,4,4,3,,1,,,2,4,4,1,1,,4,4,,,,4,4,2,3,1,3,2,,,2,2,,2,,2,4,4,,1,,,3,1,3,1,4,,,
7,,,3,,2,,,,,,,,2,2,,2,1,2,,,,,1,2,,,,,,,3,2,,,,3,,,,,1,1,,,,4,,,2,
8,3,,4,1,,1,2,4,,4,,4,2,4,,,,,4,4,,2,,,3,2,2,,4,4,,,3,,,3,1,,,,,2,,1,,,,4,,
9,,2,4,,,,1,,,,2,,4,,3,2,,,,,2,,,,,,1,,,4,,,,1,,4,1,,,,,1,,,,2,3,3,,
10,4,4,1,,,,4,3,,,,3,4,2,4,4,4,,1,3,,3,,,,,2,1,,,,,3,2,,4,1,,,,2,2,,3,,4,1,1,,
11,3,2,,3,,3,,,,1,2,,,,,1,1,,,,,,,,,1,,,,4,,,,3,4,2,1,1,,,,2,,3,,3,2,4,3,
12,2,,2,,,,,1,4,,,,1,3,4,4,,1,1,,,,4,3,,1,2,,3,2,3,,,1,,1,3,,2,,,1,4,,,,1,,,3
13,2,,3,,,4,,1,4,2,,,1,3,3,3,1,4,,,1,2,1,,2,,,,,2,2,,2,,,1,,,,,1,,,4,,2,1,4,,
14,,,,,,,4,,,,,3,,,1,2,1,4,,,3,4,3,,,2,,2,,,,2,,4,,,2,1,1,4,3,,3,,,4,4,4,,3
15,,1,3,,1,4,4,,,,1,,2,4,,2,3,,,,,,,,,1,3,3,,,,4,3,2,4,1,3,3,,4,,1,1,1,,4,,2,4,4
16,,4,,4,,1,,1,,4,,2,,4,,,,,,1,2,,,3,,,1,,4,1,,4,,4,,,1,2,,,,1,4,,1,,,2,2,2
17,,,,4,1,2,4,4,,3,,2,3,3,1,1,4,1,,,4,4,,1,4,,2,,1,,,,,,1,,,,4,4,,,,2,,,3,1,,
18,2,4,,1,1,,4,4,1,,3,,3,4,1,4,,3,1,2,1,2,1,4,2,,2,3,4,,,1,4,,4,,,,1,1,3,2,4,,3,,,2,2,3
19,2,,1,,1,,3,3,,,,,,,,,,,,,3,,3,,2,,,,,1,2,2,3,,1,3,,,1,4,,,,4,,1,,,,
20,3,,3,1,,,3,2,,,4,4,,3,1,4,,,3,3,,4,3,,4,4,4,,,,,,2,,1,4,4,4,4,1,,3,4,,,4,,1,,1
21,1,2,,3,,1,,,,,,2,,,2,1,4,4,,4,,3,,,,1,,,,4,2,1,3,1,,2,,3,,,3,,,3,,4,,4,,3
22,1,4,,3,1,,2,,,4,,1,3,4,,,,,,1,2,4,4,,,4,,,2,1,4,,,4,1,1,,,2,4,2,,,1,1,4,,4,1,
23,,,,,4,,,1,,,1,,2,,3,3,2,,2,1,2,,4,,,1,1,,4,,4,,3,3,,,,,3,1,,,4,2,,,,,3,
24,4,,3,2,,,,,1,4,,,,,3,4,1,3,3,4,4,2,,3,,1,2,,,,4,4,,,4,1,,2,3,,1,,2,2,4,,3,1,4,1
25,,,1,,,4,4,1,1,,1,4,3,4,1,,,,,1,,,1,3,,3,,,,,1,,,4,3,,,,,1,,,,,,,2,,,1
26,,,,,3,,,,3,3,2,4,2,1,3,3,2,,1,1,,,3,1,,3,,,4,,1,,4,2,,3,,4,3,,,3,4,,2,1,,,,
27,,4,,1,,2,1,1,,3,2,,,1,,2,3,4,1,4,1,1,3,,1,4,4,3,1,,,,,,,4,1,2,2,,3,,1,,3,,,,1,3
28,2,4,,,,,4,,1,,2,,,,2,,,,1,4,3,,,1,,,2,,,,3,,,2,,1,2,,,,,4,4,2,,3,,2,4,1
29,,4,,4,4,,3,,,3,,3,1,2,,1,1,1,,4,,,3,,,,,3,,,,,,,,,,,3,,,,4,,,2,,2,3,
30,,,2,1,,,,1,,4,1,,2,,1,,2,3,4,2,3,4,2,3,,,,,,3,,2,,,2,,,3,1,4,1,3,3,,,,1,3,3,
31,2,4,1,,3,1,4,4,,1,1,,,4,4,,1,,2,,4,4,,2,4,1,4,2,,,3,,3,,1,4,3,2,4,4,4,4,,3,,,,1,,2
32,4,1,,4,1,,,4,,,1,,,4,4,4,4,,4,1,,1,,1,,,,2,,,1,,,,,,1,3,2,1,,4,,2,,4,,,1,4
33,,4,1,4,3,,1,3,3,,,2,4,,1,4,1,2,1,,3,4,,1,4,1,1,2,1,2,2,,2,,4,3,4,,1,,3,,,1,1,4,3,4,1,2
34,2,1,1,,,1,,3,1,4,,,1,,4,1,,2,,3,2,,,,,2,2,,2,,4,1,,1,3,,,3,,,,1,,,2,,,,4,2
35,,2,,4,4,1,,,,,,2,,,1,4,4,,1,1,3,2,,,2,3,1,4,3,4,1,3,,3,4,3,4,,,,2,4,,,2,4,3,,2,4
36,3,,3,,3,4,,,3,,1,,,,2,,,3,,,2,2,,,,,1,,,,2,4,4,3,2,,,,,,1,3,,,3,,,3,,
37,3,,,2,,,3,,4,,,,4,,4,,3,,,4,,,1,,,2,3,,4,,,,3,,,,,,2,,,,,3,,,,,,
38,,3,,4,3,4,1,,3,,,,2,,3,,2,3,,,2,,,4,4,1,,,,,3,4,,,,,4,2,3,3,4,,,4,,,3,2,2,4
39,2,,2,,,,3,,3,,,,2,3,2,2,1,1,,,,,,2,2,,,,,,,1,,,,,,,,1,,1,4,,2,,3,,2,
40,,4,4,4,,,,,,,,4,2,2,,,,2,,4,,,,1,,,,,,4,3,,4,,,,,,2,,,,1,,,,,,,
41,,,,2,,3,2,4,2,,,,3,,4,4,,,4,4,3,,4,,1,,2,4,3,3,1,2,,1,2,4,3,1,,2,2,,,,4,3,,,,2
42,3,,,,,2,2,1,1,4,2,4,2,,2,,,2,,,,,,,3,3,,4,,1,,,4,,,1,,3,,3,,1,1,,4,,4,,,2
43,4,1,,,,,,,,,,,1,,,,,,,,4,,,3,,,,1,3,1,,,,,,,1,,,,4,,,4,1,,,,,2
44,3,4,1,2,1,2,4,,1,,3,,1,3,4,2,1,3,,4,,3,,4,,1,3,3,4,3,2,4,,4,4,3,1,2,1,3,,2,,4,3,2,,,,4
45,,1,4,,,,4,,4,3,2,1,4,,2,3,1,,1,,,,,,,1,2,3,,,4,,1,,,2,2,3,,,1,1,3,2,,,2,3,,
46,3,,,1,,1,,,2,2,,3,1,2,4,,4,1,4,4,4,4,1,2,,,,2,1,4,2,3,4,,3,,4,4,1,2,1,,,,,,,4,,1
47,,,2,,,3,3,4,3,1,,,,,4,,,,,,,1,1,,,,,1,2,4,,,,,4,3,,,,,1,1,,,4,,,,1,
48,2,4,1,3,4,,,4,1,,,,,,3,1,,3,,1,3,,,,2,2,,1,,3,4,2,,3,3,1,3,,,4,,3,1,3,,,4,,3,2
49,3,3,,2,4,,4,,,,4,1,4,3,2,4,,3,1,,1,1,1,1,2,,,4,,,,,3,,1,1,,,,4,2,1,4,,1,4,,,4,4
50,1,4,,,2,1,,1,,,,,4,,4,,2,1,,,,2,,1,2,,2,,,4,2,,,3,1,,4,1,,4,1,1,,,,,,2,1,3
51,2,,,,,,,3,2,,4,2,,,,,,1,1,,4,,3,3,1,,1,,2,,1,,,,,,1,,4,3,,2,,4,,,3,2,3,
52,,4,1,2,3,1,2,2,4,,3,,,2,2,2,3,,,2,1,,,,3,,2,,3,1,,,2,,2,3,,,,,4,4,,4,2,3,,4,,
53,,,,1,2,,2,2,2,3,2,,,1,,3,,,,2,4,,2,4,,,3,3,1,4,,,,2,3,3,,4,,2,2,2,,,,,1,,3,2
54,,1,3,4,,3,4,4,3,2,,,1,1,,4,,,,,4,3,,,,,,,,3,4,,,,,,,,,4,,4,2,2,2,,,1,2,4
55,4,,,,,,,2,1,,,,,,,,,1,4,,1,,,2,,,4,,,,,,,2,,,,2,,4,,,,,,,,,,
56,,,3,,,3,2,1,,,3,,,,,,,4,,2,,1,,3,,,,,,,1,4,,,,,3,2,,,2,,,,,1,,4,,3
57,,,2,2,3,2,2,3,4,2,4,3,,4,,,4,4,,2,,4,3,2,,,3,,,2,,,,4,1,1,2,,,3,,4,3,1,,1,,,2,1
58,,3,1,4,3,,1,4,4,4,2,3,2,2,4,1,4,3,4,3,3,2,1,3,1,,3,4,,3,3,,,4,,,,,1,2,2,,4,4,1,,,,1,
59,4,3,,,,4,3,,,,,,2,,1,2,1,1,4,1,2,2,,4,2,,,1,2,4,,3,,,3,,3,3,1,,3,,,2,3,,,3,3,
60,4,3,3,2,1,2,,3,,,1,1,,1,4,2,4,,1,2,2,2,1,1,1,1,1,3,2,4,4,,4,,,3,,1,,1,,4,,2,1,3,3,,2,4
61,1,3,,,1,,,1,3,,,3,2,3,4,,1,,,,,,,4,,,3,,,,2,1,1,1,,4,3,,,4,4,3,3,,,,3,,,1
62,,,1,1,3,4,1,,,1,1,,4,2,2,2,1,,,2,,3,1,4,,1,2,2,,1,,4,,,1,,1,2,,1,3,,,2,4,4,3,,1,1
63,2,3,1,3,,,,1,3,,3,2,3,1,3,3,,,,,,3,,3,,,2,,2,,,1,1,,1,,,2,2,,,2,4,,,,4,4,,
64,,,1,1,2,,,,2,3,1,4,,4,1,4,,,1,,,2,2,,,,3,4,4,2,1,,2,,4,2,,,1,,3,,,4,3,,,,2,
65,,2,4,,3,,2,,,,3,4,,,,,,2,,,1,,4,,,,,,,2,,,,,,,,,,,4,,,2,4,2,,2,,4
66,,1,,,,,,,,2,,,,,4,4,,,3,4,,,,3,,,3,1,,3,3,,,,,2,4,,4,,3,3,,,1,,,,3,3
67,2,,,,,2,,,,,4,,3,,2,,,,1,2,,,,2,,,,2,,2,,1,,1,,2,,,,,,1,,3,4,,3,3,3,2
68,,,,,4,2,4,,,,,4,,1,,,,,2,1,3,2,1,,,1,,,,,,,,,,1,2,,1,1,,,,,,,,2,,
69,4,3,,,1,1,,,,4,,,,,,3,,4,4,,4,4,,,,3,,,,,3,,2,,,,4,3,3,,,,,,,,,2,1,
70,,,4,2,4,3,4,,,4,,3,,,,1,1,1,3,,,1,,,3,3,,4,3,2,4,,,4,,2,4,,2,,,,4,,,2,2,3,2,4
71,,4,,,4,3,,,3,,3,1,1,2,4,1,2,,4,,,4,2,,4,4,,,2,1,,3,,,,,,1,3,1,3,,3,3,,,1,2,,
72,3,4,1,,,3,,,2,3,,4,4,,,,,,1,,,4,1,2,3,,2,,4,3,2,1,,,,1,,,1,1,3,,3,2,3,2,,,,
73,1,,,,4,2,4,,3,1,4,,1,3,,,,,,1,4,,,,,2,,,,4,,,,3,2,,2,,,3,,3,,,3,,,2,4,
74,3,,,4,4,2,3,1,,3,,,1,4,,,,4,1,,,3,3,,4,4,,,,,4,,,1,3,,,,1,2,4,2,3,2,3,3,,,1,4
75,,4,1,,,2,4,,,,1,4,,3,3,,2,,3,,1,1,4,3,1,,,2,4,,,1,,2,,1,3,4,1,4,4,3,3,3,1,3,4,,1,
76,4,,3,1,,,,3,3,,,1,4,4,,3,,,2,4,,1,,,1,4,,,,2,,3,4,,1,4,3,2,,1,2,4,4,1,1,,3,,,
77,,3,,3,,3,1,1,,,,,,,,,,,,,,,4,,1,,,,3,,,,,,4,,4,,3,4,,4,,,3,,2,1,,
78,,3,,,1,2,1,4,,2,3,,,,3,,,3,,,,,1,4,,,,2,1,,,,1,4,1,,2,,4,,1,4,,,,,4,,,1
79,,1,,1,,,1,,1,1,,4,2,,2,,1,,,,2,1,1,3,,,,,,,,3,,4,,4,4,2,,2,,,,,,,3,,4,1
80,,,,3,,1,,4,3,,1,2,,,2,,,1,,,1,1,3,3,,4,,,,,,,,,,1,,1,,,4,,,,4,,,,,1
81,3,3,2,3,,,,,4,,4,,,,,1,,,,,,2,4,3,,,,,,,,,,,3,4,,1,3,3,1,2,,,,,,4,,
82,,,1,3,,,,,,1,3,,,4,,,,,,1,,,,4,4,,,,4,,2,1,2,,,,,,3,,4,,4,,,,,,,2
83,,,,1,2,2,2,,4,,,,3,,1,,,2,,,,2,,,1,,,4,3,,,,,,,,,,,,,,2,,,,,4,3,4
84,,4,,,,1,,,,1,2,,2,,,,3,,,,4,3,,,,2,,3,3,2,,,,4,,,1,1,,,,4,,4,4,,3,3,1,
85,,,,1,3,,4,,,1,,,,,,,,1,,,,,,,,2,,2,1,,3,,,,2,,2,4,4,3,,,,,1,4,,,3,
86,3,4,4,2,,2,4,4,3,2,,,,3,2,2,2,,,3,,4,,,,1,4,1,,4,2,2,1,4,4,2,,4,1,4,3,1,3,4,4,,2,1,2,2
87,3,4,,3,,1,4,1,3,4,,,,,2,3,2,1,3,2,,,2,4,4,,2,2,4,1,,1,4,,1,2,,1,3,1,,2,,2,4,,,,2,
88,2,3,,,,2,4,4,2,4,1,2,1,,2,2,2,4,,,2,,4,,,,2,1,2,,4,3,2,1,,2,4,,1,2,1,3,,4,,,,2,1,3
89,,2,,2,,,,,,,2,,2,2,4,,,,,1,,3,2,,,4,4,2,,,3,2,2,,,1,1,,2,,,1,1,,,,,,4,4
90,1,,1,3,2,,3,4,,4,2,,1,2,3,,,,4,,4,2,,,1,,1,3,2,,,4,4,4,,,2,2,,3,,,2,4,1,1,1,4,,1
91,3,,,1,3,,2,,,,4,,2,3,,2,3,,3,,1,2,,1,3,,3,,4,4,,,2,,1,,,,,,2,,,1,,,4,,,
92,,1,,,1,,2,3,,,,,,2,1,3,2,,,,,,,,,3,,,,1,,,,,1,3,,,,,1,,4,,,4,3,,4,1
93,2,4,1,,,,4,2,2,,4,3,,,3,,,4,1,3,,,3,1,1,1,2,,,3,3,,2,1,1,3,2,1,,2,4,2,,,,,,,2,
94,,,4,4,4,1,3,3,1,2,4,,,1,3,,4,,,,3,,1,,2,2,3,,2,2,4,,1,1,3,4,4,4,2,3,,4,3,,2,4,1,3,,3
95,,,,,2,,4,,,,4,,,,,3,,2,,,4,,4,1,,,1,,,2,,,3,,3,,3,2,1,1,1,1,1,,4,4,,,,3
96,4,3,,,,4,,,4,1,3,,,,,2,,,2,3,3,,1,,,2,4,,,,,4,,4,3,,,3,3,2,,,1,1,1,4,,1,,3
97,,,4,4,,2,1,3,3,,3,,1,,4,3,,3,3,,,,,2,4,,4,3,2,2,,3,,,3,,,,1,2,4,3,,1,,,2,3,,4
98,3,,,2,3,2,,,,3,,,2,2,3,3,,,1,2,2,,,,4,,2,,2,,4,,4,3,4,4,,1,4,3,,1,2,1,1,,3,3,,
99,1,,,1,3,,,,,,1,4,3,,,,3,2,,3,,,1,,4,,4,,,,,,,,3,,,,4,2,,,2,,,,4,,,4
100,1,,,,,,2,,2,,3,,4,,4,4,,,,,2,,,,1,4,,4,4,,,2,,2,,,,,3,1,3,4,1,,3,2,,2,,
101,2,,,,,,2,3,2,,1,,,,,3,1,,3,,,3,3,,,,1,,1,4,,,,,3,,,4,,,1,,2,1,,2,3,,,
102,4,2,4,1,,2,,4,,1,1,,,4,3,,4,,1,,4,3,1,,1,1,,,,,4,2,3,,,,1,,2,3,3,2,,1,4,,3,,3,3
103,,,,,,,2,2,,,3,3,,,,,,1,1,4,4,3,3,2,,3,2,,,2,,3,3,,3,,,,2,,,,,,,,4,4,,
104,4,,,1,,,,1,,,3,,4,,,1,3,2,,,4,,,1,1,3,3,,3,,3,2,,2,3,,2,4,4,,,,,3,,,1,,4,
105,4,,,4,,,,,3,3,4,,,3,4,4,,,4,2,,,,2,3,4,,4,,2,,,,,,,,2,,1,,,,3,,4,4,,,2
106,,2,,3,,3,,1,4,1,1,3,,,,4,2,2,,4,3,3,3,2,2,4,,2,,,2,1,2,4,3,,,1,4,3,,,2,3,2,2,3,1,1,2
107,3,3,3,2,,,3,,,2,4,3,1,4,3,,,,,1,2,,,,1,,,,4,,4,4,1,4,2,,3,2,,2,2,4,,,,3,3,2,,1
108,3,,2,,,3,4,3,,,,3,1,4,,4,1,1,,3,3,3,,1,,,3,4,,4,2,2,,1,4,,4,4,,2,3,2,,4,,,,,,4
109,3,4,3,,,4,3,1,,1,,,2,,,1,3,,,,,,,,,,,,,,,,,,3,3,1,2,1,3,,,,1,,,,4,,3
110,,4,3,4,1,4,2,,,,,1,2,4,,,,,,,4,3,4,2,4,,,1,,,,1,,3,,2,,,3,,,1,,2,,,3,,2,1
111,4,1,,,,,1,1,2,4,1,,,4,,3,1,1,1,,2,4,2,1,,1,,2,4,,3,,2,,1,2,4,2,3,3,2,3,,3,,,,4,2,
112,2,,,4,,,2,,2,1,,,,,1,4,,1,4,1,,,,,,,3,3,2,2,3,,,,,,,,,,1,,,,,,,,,3
113,2,,4,4,4,2,1,,1,,3,2,,2,3,1,,,,3,,1,,3,,,1,,,,4,3,2,1,1,2,,,4,3,,,2,,,4,2,2,,
114,,,1,1,,3,,,4,4,4,1,4,2,1,1,,2,1,,,3,,2,4,,4,4,3,1,,4,,3,3,1,2,3,2,4,1,3,1,4,,2,4,1,,2
115,4,2,3,2,4,,,2,,2,4,4,2,1,,4,,1,3,,1,,,4,,4,3,,,,,4,,,3,1,,4,1,1,,1,,,,4,1,3,,2
116,,,,2,,2,,,3,,,2,,2,,,,,3,,3,,4,,4,,,,,,2,,3,1,,,3,,4,2,,1,,,,,3,,3,2
117,3,4,2,1,,3,3,4,3,3,4,1,,,3,2,2,3,,4,,2,,,,3,1,,,,,1,,,,1,1,3,4,3,,,4,,,,,,,2
118,1,,2,1,1,4,1,1,2,3,,2,2,3,,4,,4,,3,4,,3,3,,,1,,1,3,3,2,3,1,3,3,1,1,,3,2,4,,,,,,,,
119,1,3,,2,,4,1,2,2,,,1,1,,2,2,,4,4,,3,,,2,,4,3,3,,,1,,2,2,,,,1,3,4,4,1,,,4,3,,2,4,3
120,1,,,2,,1,4,4,,2,,1,1,4,,2,,1,,4,4,1,4,,,,,,3,,,1,2,2,,2,3,,4,2,,3,4,,,,1,1,2,
121,,2,,3,3,3,,3,3,,3,2,2,,2,4,,,,,4,,,3,2,,4,,1,,,,3,,3,,2,,2,2,3,2,1,2,,1,2,,2,
122,2,,1,3,,,3,1,,4,,,4,,,3,3,,2,,1,,4,4,,,4,,,4,,1,,,,3,3,1,,,,,,3,,3,3,4,3,
123,2,3,4,,,,3,,4,,4,,2,,,,,3,1,,,1,2,,,3,4,,2,,,2,,,,,4,1,,3,,,,,2,,4,,2,3
124,4,,,1,2,2,4,,,4,2,1,,,,2,3,,1,,1,,,1,,4,4,2,,2,2,2,,4,1,3,2,1,4,1,2,2,1,,1,2,,1,4,1
125,2,3,2,,4,,4,1,1,,,2,2,,,1,1,3,,3,2,1,3,,,2,4,4,1,,3,4,,1,4,,4,,1,2,2,,2,1,4,,1,4,,3
126,2,4,2,,4,,,,3,,4,1,,3,,,,,4,3,,,,,3,,,,,,2,1,,4,1,,,,,,,,,2,,1,,2,1,2
127,3,3,4,,3,4,,,4,4,1,4,,,3,,2,,1,2,2,,1,1,,1,,2,3,,4,3,3,2,1,,2,,3,,4,3,4,,,3,,4,1,
128,1,1,3,,,3,3,,1,,,3,,,1,,1,4,,,,,4,,2,,3,,,2,4,3,2,,,,,,,,,,,3,,,1,4,2,
129,3,3,4,4,2,,3,3,,1,1,,2,,4,2,3,2,,,,2,4,3,,1,2,2,1,,,,2,,1,,,,,4,2,,,,,3,,,,
130,,2,3,1,,,,2,2,2,,1,,,,,4,2,,4,3,,4,,1,3,,4,3,,,,3,2,3,,,,,,3,,,1,3,2,,,1,1
131,,1,4,,,,,2,3,,,,3,,,,4,,1,3,3,3,4,1,3,,1,,,4,1,,1,3,,3,2,3,4,2,3,3,,4,3,,,2,2,2
132,1,,3,2,4,3,1,3,3,,,3,2,4,,,3,3,1,2,3,,,1,,,1,,,,4,,,,4,,,1,,,,3,3,3,1,,3,1,,
133,3,1,,,2,1,,2,1,,3,,3,,,,,,4,2,1,4,,,,,,4,,,,2,1,4,2,4,1,3,,4,,,4,4,2,,,,2,4
134,,2,,,2,,2,,1,,,1,,3,1,4,,1,,,,,,,,,,2,3,,,4,4,,4,,4,2,,,2,,3,3,,,3,,2,
135,,2,3,,,,,,,,3,1,,1,3,2,3,4,4,2,,,2,,1,1,1,,4,4,2,2,4,,1,,1,1,2,,2,1,2,4,2,3,,3,,
136,,,,,1,,2,,,,4,,,1,,2,2,1,,,1,,4,,,,,,4,2,,,,,,,4,2,,,4,4,4,2,,,4,,,3
137,1,,3,,,,,3,,,,,3,,,,,,,4,,,,,,,1,,1,,,,,2,,,,,,,,,,1,3,,,2,,3
138,,2,,2,2,3,3,2,4,2,3,4,1,,4,4,,2,3,4,4,2,1,2,2,,2,3,3,1,3,2,,3,3,4,,3,4,1,4,,4,,2,3,3,,,2
139,1,,,2,1,,2,2,3,,,,2,1,,,,4,,3,1,3,,2,,,1,,3,,4,1,,,,,1,,,,4,4,4,,,,2,,,
140,,,,,,,,1,,1,4,,,3,2,4,,,2,,,4,3,,,,,4,2,,,3,,,,,2,1,,1,3,,,3,,,,1,,2
141,1,,3,,3,3,2,,,1,3,1,2,,3,,4,3,,4,1,4,,2,4,,,,4,,,3,4,,1,,2,,3,,,3,,,1,1,,,3,2
142,2,2,3,,,,4,,1,3,,,3,,4,2,2,,4,,2,2,,,,3,,,,,,,,1,2,4,,,3,1,,4,,1,3,,,1,,
143,4,1,,,,4,1,3,,4,3,3,1,2,,3,4,3,,,4,4,4,1,1,,1,4,,,2,,,1,,,4,,1,4,4,,2,2,2,,4,,2,
144,4,4,3,1,,3,4,4,4,3,,3,3,,,1,,,2,1,,,4,1,4,4,,,1,2,,,1,4,,3,,,,1,,2,3,4,2,1,1,,4,3
145,2,1,1,1,,4,4,3,,3,4,,1,,2,,4,4,4,2,1,1,,2,,4,1,1,,3,3,,3,1,2,,,3,,3,,3,,,3,4,2,4,,1
146,,,,3,,,,3,3,1,,,,,4,4,,,2,3,,,,1,3,,3,4,1,,,,2,2,,2,,1,2,1,,,,,,,,1,,
147,,,3,4,2,,4,,3,,2,2,,,,,1,2,,,3,2,1,2,,,,,3,,,3,,,1,2,2,1,1,4,,4,,,2,3,,,3,
148,,,,,2,,1,,,,1,,,4,,1,2,,,,2,1,,2,,1,,1,2,,2,,3,,,2,3,,4,,,,2,,,3,,,3,
149,4,3,3,,,3,,1,,3,2,2,,3,,3,4,3,,1,4,3,1,2,,,,,4,,4,1,2,3,2,4,1,2,4,,,,4,3,,2,,4,4,
150,,,1,1,4,1,2,4,2,1,2,1,2,2,,,,2,1,,2,1,,4,1,,,,3,1,1,2,2,,,3,4,4,1,4,1,1,1,3,,3,3,,3,2
151,2,3,,,,,,4,3,,,,,,3,1,,,,4,,3,,,3,,,,,1,,1,,,,2,,,,1,,,,2,,2,,,,
152,,,,4,,,3,,3,,,,,1,2,3,,,,1,,2,4,,,,,1,,,,,1,4,,4,,,,1,2,,4,,4,,,,,
153,2,,4,2,3,1,,2,2,3,,4,,,,3,1,,,,4,1,,1,,,,2,,4,,,,,,3,4,,,4,,2,,,2,3,,,,2
154,,,,,,3,,,,,,,,2,,,,3,,1,,,,,,2,,4,,1,,,,4,,4,,,4,,3,,,,,2,,1,,
155,,4,3,2,3,,,,,2,,1,4,,4,,,,4,,,,2,4,1,,1,,1,3,3,1,,3,,,1,1,2,,,1,,,4,,1,2,4,4
156,2,4,,2,4,,4,2,4,3,,3,4,1,3,,2,1,4,,1,4,1,3,,,3,2,1,4,2,2,,1,3,,3,,,4,4,,4,,4,,3,1,1,
157,2,,,,3,3,,3,,4,4,3,3,,,3,4,2,,2,4,,,1,,,,,4,3,,,4,,4,4,4,,,,,,2,2,,3,,,3,
158,3,2,,,,,1,,,,,2,,,,,,,,,4,,,,4,2,,,1,2,,4,,,,4,,,2,4,,1,,,,1,,,,1
159,,4,3,,4,2,3,3,2,4,,3,3,,,1,,,3,4,,,1,2,,,2,4,,,3,,,4,1,2,,,,3,,,,,,3,,,3,4
160,2,2,1,,1,3,4,2,,3,,1,,,2,,1,,,4,2,1,3,3,4,,1,3,2,,,2,2,1,1,3,2,1,3,3,,3,3,4,2,3,1,2,1,1
161,2,,,2,,,4,3,,,,,4,,3,,3,,,,4,,3,,4,3,1,,1,,,3,,1,,,,4,,,,1,,,,,1,,2,3
162,2,1,1,1,1,2,2,2,,1,4,,3,2,1,2,2,,,1,1,3,1,1,,,,,,,3,4,4,,,2,,,2,3,,,,2,3,2,1,,1,2
163,1,4,,1,3,,4,3,1,,4,1,1,4,,,,1,4,1,1,2,2,,,,,4,1,,2,,,,4,,,,3,1,4,2,,4,,2,1,3,2,3
164,1,4,3,,3,2,1,,2,,2,2,,3,2,3,4,3,,,2,3,,4,,1,,1,3,3,2,,,2,,,,1,,,2,1,3,,1,2,,2,1,4
165,2,,,,,4,3,,3,,1,,,,1,1,,3,,,,1,,3,,,,,4,,4,3,2,2,,4,4,,,1,4,1,,,,,4,,,
166,,2,1,,,2,,,2,2,,,,,4,3,,1,2,,2,,,,,,2,4,,1,2,1,1,,,4,,,,3,,,4,,,2,,,,
167,,1,,,,1,,,,4,,4,3,,,,,,,,2,,2,,,2,,3,,3,4,,,1,,,2,,4,1,,2,,,,1,1,4,,
168,4,,3,,,4,4,,,4,3,3,,,3,1,,4,,4,,2,,3,,2,3,4,3,1,,,3,3,1,2,,1,,,4,,,3,4,3,4,,1,
169,,,,4,1,,1,,4,,1,,,,,,,3,,,,,4,4,3,2,1,,,,,,,3,,3,,4,,2,,,,4,,2,,,,3
170,4,,1,2,3,4,3,,3,3,3,1,1,,3,4,,1,2,,,,2,,,3,,4,,4,,,2,3,3,2,1,,,2,,,,,4,,,,1,3
171,4,3,,1,2,2,,2,3,3,2,,1,3,,,1,3,,,,,4,4,,3,4,,3,2,,,4,2,,4,,1,3,2,4,4,4,,2,1,,1,,2
172,,,,1,1,,4,,,,2,,,,4,,,4,1,3,1,,2,4,,,,,2,,,,2,,,,,,,,,,,,,2,3,3,,2
173,3,4,,1,,,1,4,1,,1,,,,4,,,,2,1,2,,3,2,2,,,,,,2,2,3,,3,,1,,2,2,,1,3,,3,,2,,1,1
174,2,2,,1,2,3,,,,,3,,,,,,3,,4,1,1,2,,2,,,3,3,,2,1,,,1,4,,1,,,4,3,4,,,1,3,,,2,
175,,,,,,1,,,,,3,,,,2,,2,,,1,,,2,,3,1,1,3,,1,1,,2,1,2,,,,2,,2,2,,3,,3,3,1,,
176,,,4,,,,,,,,2,,,,,3,3,,,2,,,,,,,3,1,,,,,,,,4,,1,,,,,1,3,,3,1,,,
177,2,2,,,,3,,,3,4,,,,,,,,,2,4,,,,,2,4,,,,3,,,4,4,1,2,,,,,2,,4,2,,,,,,
178,,4,,,1,,,2,,,,,4,,4,,,,,,3,,,,,,,,,1,,,,1,,,2,,,,,,,,,,,,3,
179,4,,,,,4,1,,1,,,1,,,2,,1,,3,2,2,,1,,,2,,3,2,1,,4,,3,,1,,1,3,4,,3,1,3,,,1,,,3
180,4,2,,3,,2,,4,1,1,3,,3,,4,,,,,,3,2,,1,,1,,,,,,,2,,2,,3,4,,,,,2,2,,4,2,,4,4
181,4,,2,,,,,,,2,,,,,4,4,,2,,,,,1,4,,2,4,,,1,,1,2,1,,1,,4,,,,4,,4,,,3,4,,
182,,2,1,2,2,2,,4,,4,2,,,,4,4,3,4,,,,,,,3,3,,1,,3,3,4,2,3,,2,3,3,,,,,,1,2,2,,,3,
183,1,1,,4,,,,,,4,,,,,3,,1,,,2,2,,,4,2,,,,,,,,,,4,,,1,,,,,,4,3,,,1,,2
184,,,,,2,1,2,1,,2,,,,,,,,,,,,,,,,3,,,,4,,1,,,,,,,1,2,,2,2,,,,3,3,,
185,4,,,,,4,2,,,,,,,,,,,2,2,2,,,3,2,,2,4,4,4,,,1,,2,,3,1,2,1,1,3,2,,4,4,,2,,4,
186,,2,,2,4,,1,1,,,4,4,1,3,1,3,,4,,,1,,,2,,,,,,,,1,,4,4,,3,3,3,,,3,3,3,2,,3,,,4
187,,1,,3,3,4,1,1,4,3,2,3,1,3,2,4,3,1,,2,3,3,1,2,4,4,1,,1,,3,1,,,3,3,,3,,1,2,,,,,,4,,3,2
188,4,,,,,4,,3,,,4,,3,,3,3,,,,,,,,,,4,,3,,,,4,,,,,,1,3,,,1,4,,,,,,3,3
189,,,3,2,2,3,4,,4,,,,1,,2,4,3,,,,3,,2,,3,1,2,,,2,2,3,2,3,4,1,1,4,2,3,,2,,3,,,,2,,3
190,,3,,,1,1,1,,,,,,3,,,,,,,,,,,,,,,,,,1,,4,4,2,,,,1,4,,,,4,,1,1,,,1
191,,1,,1,1,,1,1,4,4,,1,,1,3,1,1,,1,4,1,4,3,,3,2,4,,4,1,3,,4,,,2,3,4,,4,1,4,,1,3,3,,1,3,1
192,1,,,2,,3,4,,,,2,,4,1,1,,1,,2,,3,1,3,,4,1,2,3,,,1,4,,,,,,,,4,,,4,4,1,,4,1,,
193,,3,,,,,,2,3,,,,4,,,,,3,,2,,2,,3,,,,,,2,,3,4,,2,,,,1,1,2,2,2,1,,,,,,
194,,,,2,,2,2,1,2,,1,4,,4,,,3,1,4,4,,3,2,,1,,2,,,,,4,2,,,,,2,3,1,3,1,,4,,4,1,2,2,2
195,1,,,,4,2,3,3,4,1,1,4,,1,,,,1,,2,2,,4,4,,4,4,4,4,,,,,,2,4,4,4,3,,,2,,1,,,,,,
196,2,,3,4,,,,3,4,1,3,,,2,1,,,3,,,2,1,,,,,,,,,4,,,,,,3,4,,1,3,,2,,,,4,,1,2
197,4,,,,,4,,3,4,3,1,3,,,,,,,1,4,3,3,3,,3,,4,3,,,2,,4,,2,3,,,,,,4,2,3,2,2,,,,
198,,,2,,,,,,,,,,,,,1,1,,1,,1,3,,2,4,,,3,,,4,,2,1,,,2,1,,2,1,,3,,,,1,2,,
199,,4,1,3,,,,3,,,,,,,,,,,,3,,,,,4,1,,,,4,2,4,4,1,,,2,,,,,,,,,,,,1,
200,2,,2,,,,,,,,,,,,,,2,,,1,,3,1,,1,1,,,,,,1,,,,,2,,1,3,,,,,,,1,2,4,
201,2,,2,4,,4,2,1,,,2,1,1,,1,3,3,4,1,,1,3,3,2,1,,,3,3,4,1,,,2,,3,3,2,,4,4,,2,1,,,1,,,
202,4,,4,1,2,2,2,,3,,3,2,2,3,,,3,1,2,2,1,1,4,,,2,1,1,,2,3,2,,,,1,1,4,2,4,,3,,3,4,,,,2,2
203,4,2,,2,,,,4,,4,,,3,,1,,4,,1,3,,2,3,,,,3,1,,3,1,,,,,1,,3,,,,,,,2,,3,1,4,
204,,,,3,,,,,,,,,,,,,,4,2,,,1,3,,,,,,,1,,,,4,,,,4,,2,,,1,,1,,,,,3
205,4,,,1,1,4,,,,,,,1,4,,4,,,,,2,,3,3,2,,,2,,3,,,4,3,4,,1,,,,,3,,1,,1,,,4,1
206,3,,4,2,,4,3,1,,1,,,,,1,3,,1,,1,3,,3,,1,,3,2,1,1,,3,3,1,3,,2,4,,2,1,3,,4,1,,3,,2,1
207,4,2,,1,3,2,,4,3,1,,1,1,3,4,3,1,,,1,3,3,,,3,,2,4,3,,,4,4,,4,4,3,2,,,,2,1,,,3,4,2,,
208,2,4,3,4,4,3,3,3,2,4,2,3,2,4,3,3,,,,,,2,,3,2,4,1,3,,4,,,,,2,4,,2,2,3,4,,1,3,3,2,,4,2,
209,2,1,3,,1,,2,1,,,4,4,4,2,,,2,4,,,4,2,4,,,2,,,,2,3,4,1,,3,3,4,,3,3,,,,2,,2,3,2,,4
210,2,2,2,4,3,,,,1,1,3,4,,,1,,3,1,2,,,3,,3,,2,1,,,2,2,3,,,2,,,3,,2,,3,3,4,,1,1,4,,
211,4,,3,,,1,1,,2,2,1,,1,1,,3,2,3,4,,4,,,1,,2,,,,4,,,1,3,4,,3,3,3,4,,1,2,,1,3,3,4,2,4
212,,,1,3,,,1,,3,1,3,4,,2,,1,1,1,4,,1,4,2,,,4,3,2,2,,3,,,,2,1,2,1,,,1,3,2,4,,3,1,,2,4
213,,2,,3,,3,4,,,4,3,,1,2,4,,4,2,,2,3,4,1,,3,1,2,4,,1,,1,3,,1,,,3,2,1,,,3,,,,3,3,3,2
214,,,,,,,,,,,2,,,1,,,,,1,,,,1,,,1,,,1,2,1,1,,4,,,,3,,,,2,,,4,,,,,4
215,3,,3,4,4,3,,,1,4,4,3,,4,4,3,2,,4,1,2,,,,1,,3,4,1,3,,1,3,3,1,,3,1,,4,2,1,,,3,3,3,1,2,4
216,1,,4,4,1,,2,2,,4,,,1,1,1,2,3,,,,2,4,1,,3,1,,1,4,,2,2,,,,3,,4,,3,,3,3,,2,,,1,1,2
217,1,3,2,,,1,,3,3,4,,,,,,,,,,1,3,2,1,,,2,4,,,,2,,,,3,,,4,3,1,3,,4,3,,,,2,,
218,,,1,4,,,4,,,,4,2,3,,4,3,1,,4,3,,,,,,,4,1,1,3,1,2,2,,,2,,,,4,3,1,4,,4,3,,3,,4
219,4,,,,,,,4,,,2,,,3,,,,,,3,,4,4,,,,,4,,,,,1,2,4,1,,4,,,,,1,,3,,1,,,
220,,1,1,,,4,2,,,3,,,,4,2,,3,,,,2,,2,1,4,,,,1,3,,,,,2,1,,3,4,2,,,2,4,,2,,,,
221,,,2,4,,4,,,,4,2,,1,,,,,,2,2,,3,,2,1,,,2,4,,,4,,2,2,4,,3,,3,,,3,1,,4,2,,2,
222,,,4,1,,1,,2,,2,3,,4,3,,3,1,,4,1,1,,4,4,2,2,3,4,,,2,1,,2,2,1,2,,2,3,1,,,4,3,2,3,,1,4
223,1,1,2,,1,1,2,,4,1,3,3,4,2,,2,,,,3,2,4,,3,2,4,,3,1,2,,3,3,,4,1,4,4,2,1,4,,,,1,4,3,2,,
224,2,3,3,,,4,,,,,,,,,,,,2,,1,,,,,,,,,,,3,4,,,3,,,,,,3,,1,,1,,,,1,2
225,,,,2,,,1,4,1,,2,1,4,2,,4,2,4,3,3,3,4,,,3,1,,2,2,,3,3,,4,,1,,4,,,,1,,2,,1,2,4,2,3
226,4,3,4,3,3,3,4,,,2,1,,4,2,,4,,,,,1,,2,,,,,,3,,,3,2,3,4,4,3,3,,,,4,,2,,1,2,4,2,
227,,,4,1,3,,,,,,2,,,,,4,3,4,,,,,,,,2,,,1,2,,1,,1,,3,,4,2,,,,,2,,,,,4,
228,2,,,,,1,,,,,2,1,4,,,,1,,3,,,2,,,,,,,,1,,,,3,,2,,3,2,,1,4,,,,,,1,,
229,2,1,3,,4,4,,2,1,,2,3,4,4,2,2,4,1,3,,,,4,3,1,1,1,2,4,3,,4,4,,,2,3,,1,2,4,1,2,,4,4,,3,1,2
230,3,,,,,,,,,,,,,,,1,2,,,4,,,,,,,,,,,,,,,,,2,,,,3,,3,3,4,,,,,
231,4,1,,4,,3,,,,,,,1,2,,4,,1,1,4,,3,2,3,,,4,2,3,,3,3,,,,3,2,,,2,1,,,4,,4,,,2,2
232,,,3,3,,1,,2,3,,,,,,1,2,2,,3,4,,1,,2,,,,,,,1,3,,,1,2,,,,,2,4,,1,4,4,,4,1,
233,1,1,,3,2,2,1,4,,,3,,,3,3,2,2,4,,4,2,,4,3,4,2,4,3,1,2,2,2,2,4,3,,2,2,1,2,3,1,,,1,,,3,1,3
234,4,1,3,,4,,1,3,,2,,3,,,1,,1,,3,2,1,1,,,4,3,,1,1,2,3,,2,1,1,,,,1,3,2,4,2,,4,,,4,,1
235,2,3,1,4,,1,2,,,,,4,,1,,2,,,,,,2,,1,,,,,,,,4,1,,,3,2,1,,,3,4,,3,,2,,3,1,2
236,4,,1,2,1,4,3,,,4,1,,,3,2,4,,3,1,4,3,,4,4,2,4,,,3,,,3,,4,3,1,,1,1,3,1,4,3,,2,,3,1,3,1
237,,,,,4,,4,4,,4,3,,2,2,,1,,,2,,1,,,,,3,3,,1,,,,,3,,,,,3,,,,4,,,1,3,4,1,3
238,4,,,1,3,,,,,1,1,,,1,2,,3,,2,1,,2,,3,1,,,,,,,1,,4,4,,,,4,3,,2,,,,2,2,,,
239,2,2,1,1,,4,1,2,3,1,2,4,,3,2,3,2,2,,,,1,1,3,,4,2,,3,1,2,1,1,,,,1,1,1,3,,,,4,,1,2,,,2
240,,,2,,,,,,3,,,,,,,4,3,,,,3,,,,,,3,3,,3,4,1,,,1,,4,,1,,2,,3,2,,4,,,3,3
241,4,,,,,4,,,1,,1,3,,,,1,,4,1,3,4,4,1,,,,1,,,,1,,3,1,,2,,,,2,2,3,,3,,4,,4,,
242,,,,,,,,1,3,,,3,4,,,,,,1,,,,3,1,2,,,,2,,4,,,3,,,,,4,4,3,,4,,,,3,3,,
243,4,2,,1,1,3,1,4,2,,2,,2,3,1,,,1,4,,3,,,,2,1,1,2,2,,2,,3,,3,,,2,,,,,3,2,,1,1,1,,
244,4,2,,4,2,3,4,,3,1,,2,2,4,4,,,,,1,1,1,3,2,4,1,4,1,2,,3,3,1,3,,2,,,2,,3,,,4,,,1,2,,1
245,3,2,1,2,,,3,4,,,,2,1,1,,3,1,2,2,,3,,1,3,,,3,1,,,1,1,,,3,4,1,1,2,2,,2,1,3,3,,,4,3,3
246,,,,4,2,,,2,,2,3,3,,1,,,1,,3,1,1,,4,,,4,1,,3,,,,2,4,1,4,3,,2,4,,1,,,,,2,,3,3
247,,,4,3,,,3,,3,3,4,3,,2,2,,,,1,1,,2,,2,3,,1,,3,,,,4,2,,1,,,,4,4,1,,,1,1,3,,4,3
248,2,3,3,,,,4,4,1,,,,,3,2,3,,,2,1,,1,,,2,,,,1,4,1,,3,3,3,1,,,1,4,,4,3,,,,3,,,4
249,4,,,4,1,4,,1,,1,4,4,2,3,4,,,4,3,1,4,3,1,,,,1,,2,2,,4,3,3,2,3,2,,4,,2,1,,2,,4,1,2,1,3
250,1,,,3,,,3,4,1,,,1,,,3,1,3,3,4,4,,,,,,,2,,,,,2,4,2,1,4,3,,3,2,,,,,2,2,2,,2,
251,,3,2,,4,2,,3,,,4,,2,1,1,,1,,,,,,,4,1,4,2,,,,,1,3,,1,,,,2,1,,3,,4,,4,,1,3,
252,,3,,4,,1,,4,,,,,,2,,2,,2,,1,,3,2,,,,,,,,3,,,,,,,1,4,,,,,,1,,,1,,
253,,,2,,,3,,1,,,,,4,,4,,1,4,,,3,,,,,,,,4,,,,,3,,,,,,4,4,,1,1,,,3,,,
254,,2,2,,1,1,,,,,,1,4,,,,1,3,,3,,,,,1,4,2,1,,,,3,,1,4,,,1,1,,,,,,,,2,2,,1
255,,,,4,,4,,,1,4,,,,3,3,3,,,,1,4,,,3,,3,,,3,,,2,4,1,4,3,4,2,,,2,,,4,2,3,2,,,4
256,4,3,3,3,,3,1,3,,1,2,1,,4,1,2,1,,2,,1,2,,,2,4,3,2,3,,3,1,2,1,2,4,3,,1,,3,,3,3,4,1,,2,,2
257,,,4,3,,,4,4,,4,,3,,,1,,1,,1,,4,,,,3,,,4,1,,,4,4,,,,,,2,4,,,3,1,,4,3,,4,
258,,,2,,,,,2,,4,3,,,,,,1,4,,,,2,,2,,,3,,,,1,,4,1,3,,,1,,,,4,,3,3,,,,4,
259,3,,,,3,2,4,3,,,,,,4,,,,,,3,2,,,2,4,,,,1,,1,1,,3,,,,,,,3,,,3,4,3,2,2,,
260,,3,,4,,2,3,4,2,3,3,2,2,3,2,1,,2,,,2,,4,,2,,,3,3,,,,1,2,2,,2,,,3,1,1,2,4,,2,3,4,1,1
261,,3,,,,,,,2,,,4,,,,,1,,,,,4,,1,2,,4,,,,1,,,,,,,,,4,,1,1,,4,,,,,
262,,,2,,1,3,2,,1,4,3,4,,2,4,2,,3,3,2,1,,4,3,1,,3,,4,2,,,3,2,2,,,,,2,2,2,,3,4,2,,4,4,4
263,,,3,,,3,,3,1,,1,1,,,,,1,,,,4,,3,,2,,,4,,3,,,4,,3,,,,2,2,4,,4,,,,,,,
264,3,,3,3,4,4,2,,3,,,4,,,3,2,3,1,,2,,,1,1,2,3,4,4,,,,1,1,4,4,,2,3,,,2,3,4,3,,3,,,4,
265,1,,4,,1,4,,,,,2,1,4,2,2,,,4,3,,3,3,2,4,,,,3,1,3,4,,1,2,4,3,4,,3,2,1,2,,3,3,2,,4,4,2
266,,3,,,,4,,,,,,,,3,,4,4,,,,,,,,,,,4,2,1,2,3,,3,2,,,3,,3,,,,,,,3,,,
267,,1,,2,,,2,,,2,2,,1,3,,2,1,3,4,,,,,4,3,,4,1,,,3,4,3,3,,,2,1,3,4,,4,1,,1,2,,,3,
268,3,2,1,,2,,,,4,,,,,,4,,1,1,,,1,,,1,1,3,,2,,,3,,3,3,,4,4,4,,,,2,3,,,4,,3,,1
269,2,,2,,1,,3,,4,1,,,,,4,4,2,2,3,,1,,1,,3,3,3,,,,1,,,,2,,,,,1,4,,1,,1,,,3,1,
270,,,4,,,4,2,1,4,,,,4,,2,3,4,,4,2,3,2,2,1,3,1,1,1,,4,1,4,1,4,,3,2,3,1,1,,1,2,4,,3,4,,1,
271,3,1,3,4,3,,,4,1,1,,,2,,1,,,,,4,4,,2,2,3,2,3,3,,,,2,2,1,,3,1,4,3,3,4,4,2,4,1,4,,4,2,2
272,,4,,2,4,,,3,4,,2,,,,,2,4,,3,2,2,,,3,2,2,3,3,3,,3,1,,,2,,,,2,2,2,,2,,3,,,,,
273,4,2,,1,1,1,2,,,3,,,1,4,2,3,1,,,2,,,3,,4,3,1,3,4,1,2,,2,3,1,,,2,2,2,,,4,,2,,3,,4,
274,,,,3,4,,4,1,,,,,3,,,,,,4,,1,,1,,,4,3,3,,,4,2,3,,,2,,3,,,,,,2,4,,,,,
275,,3,4,1,2,4,,,,3,,3,,,,,,,2,4,,,,,,3,,,4,3,2,,2,4,4,2,,,,,,2,2,,,,4,3,4,2
276,3,2,,4,4,,4,1,3,2,,3,,4,,2,1,1,,4,2,4,3,,3,1,1,,1,2,,3,3,2,2,,4,1,,2,,,3,4,4,,2,4,,
277,,2,,1,4,,2,3,,1,,2,1,,,,,,,2,,,2,1,2,,,,,4,,,,,,,,1,,,4,3,4,,,,4,,3,
278,,,3,1,3,1,3,3,4,3,2,,,1,,,3,4,,,,4,,,3,,2,,3,,1,4,4,2,3,2,,,1,,,1,1,1,,,,1,,
279,,,,4,3,,4,,,,,,2,,,,,,3,,,3,4,,,,1,4,3,3,,,,,,3,,1,3,,,,,3,,1,,,4,
280,,3,2,2,1,3,4,,3,2,,4,,4,4,3,,,,4,3,,2,2,,1,,,,1,3,2,2,2,,1,3,,4,2,,2,1,3,1,1,,3,3,
281,2,,,,2,4,,4,4,,,2,2,2,3,,,4,,3,,,,,2,2,,,1,1,,,2,,,1,,4,,,,,,,,1,,1,,1
282,,,3,,3,,2,,,,4,,2,,,,,,,1,,3,1,,4,,,,1,,1,3,3,3,,1,3,2,4,1,,1,,,4,3,,,,
283,,4,1,,,3,,,,1,,4,4,,,,2,2,,,,,,4,,1,,3,,,,,3,4,3,,4,4,1,4,,,2,,1,,4,2,1,
284,,,2,,,,3,,2,,,,2,3,,3,,1,2,3,,,3,1,,,,,,3,,,,,2,,4,,2,2,,,,1,3,2,,2,,
285,,,,3,,,,,,4,,,4,,1,4,,3,,,,4,,,,2,4,4,2,2,4,,,,,4,,,,4,3,3,,3,,,2,,2,1
286,2,,1,1,,,,,,4,,,,4,1,,,2,2,3,2,4,3,3,1,1,,4,,4,1,,3,,2,2,3,3,4,3,,,,2,1,,4,,1,
287,,3,1,2,2,4,,,,3,3,,,3,,,3,3,,,,,,,4,,4,3,,3,,2,,2,,,4,4,4,,,,2,4,3,1,,,2,
288,,4,3,,1,,,,1,,4,1,,2,,4,,,3,1,1,,,1,,,,,,4,,4,,1,2,2,3,1,3,,4,,3,,4,2,,3,,3
289,3,,2,3,,3,3,3,,1,1,1,,4,2,,1,,,1,4,4,1,3,1,,,2,3,1,4,,,2,4,2,2,,,,2,4,3,2,2,,3,1,1,4
290,,,2,,,4,,,,1,,3,,,4,3,,,,4,,,,,2,,,,,2,,,2,,1,,,,,,,,,,,2,,,4,
291,3,1,,1,2,2,,,3,1,,,,4,3,,,,,1,4,,1,2,2,1,,,2,1,3,4,,,4,,2,,,,,2,3,,,2,,4,,
292,,,,,4,3,,,4,,,,2,,,2,,,,,2,,,,3,,,1,,2,1,4,3,,,3,,,,,,,3,4,4,2,,3,,
293,3,2,3,3,4,2,,,4,,2,2,,4,3,,,4,4,4,,,2,4,4,,2,3,2,,1,,3,4,,3,,,3,,1,2,1,1,,2,,,,2
294,,,,,,,,,4,2,,,,4,,1,,3,,,4,,,,2,,,,,3,,,,,2,,1,4,2,3,,1,2,,,1,3,1,,4
295,,2,,,,,,,1,,,,,,,,3,,,,3,,,,,,,2,,,4,,,,4,1,2,,,4,,3,1,,,,,4,2,
296,,2,4,4,,,,,4,,1,1,,3,4,2,2,4,2,,,1,,,,4,,,,,1,4,1,1,1,4,1,,4,,,,4,,,2,,4,,3
297,3,,,,2,,4,,,,,,4,4,1,,,,4,,3,4,2,4,2,,2,,,4,2,2,,,4,,,1,4,,,,4,,,,3,3,4,
298,2,,3,,4,,,3,1,3,,,1,,,1,,1,,2,1,3,,,2,1,,4,,4,3,,2,1,,3,3,1,3,,,3,,1,,3,,4,1,
299,1,,,,,,2,4,4,1,,,,2,1,4,,,,,2,,,2,,,,,,2,1,,3,,2,2,,,1,3,,1,1,2,1,4,1,,,3
300,2,,3,,,,4,2,,3,1,,3,4,,,1,,,3,3,1,1,2,2,1,,,2,,3,2,4,,4,2,4,2,4,4,,1,4,2,,,,4,3,1
301,3,,,,3,2,,,1,3,4,3,3,3,2,2,,4,2,2,,4,1,2,4,4,2,3,4,,1,,,,2,1,2,1,2,1,4,,,1,4,4,2,,,
302,,,,4,3,4,,,3,2,3,1,,3,,2,2,2,3,2,4,2,,4,2,3,4,3,,,2,1,2,,1,4,2,3,2,2,3,2,,4,2,3,,,3,
303,,,,,,2,,1,,,,,4,,,,2,,,,,,,4,,,,,,,2,,1,1,3,,1,,4,,,,,,,,,1,,
304,1,4,1,,1,2,4,,,,1,2,4,,3,,1,2,2,2,,3,3,,1,4,,2,,2,,,4,1,1,3,1,3,,2,,1,,1,,3,1,,4,
305,4,4,,2,1,3,,,,,,2,,1,,,,,2,3,1,1,2,4,,2,,4,,,,,4,,1,2,,,,3,,,,4,,,,3,,
306,,4,4,1,,,3,,2,3,3,,,,,4,,1,,2,3,1,,,1,,,,,3,1,2,,1,,4,,,2,,4,,,3,3,,1,,4,4
307,3,2,1,3,4,2,4,4,4,,3,,2,,2,3,3,2,,3,4,2,,2,,,,3,4,2,,,1,,,1,,,,,,2,4,,,4,3,,,1
308,,2,,1,1,3,3,2,4,3,,3,3,1,3,2,,,4,4,,,3,,3,3,3,3,,1,1,2,3,4,4,,,,2,1,4,3,,1,,4,,,3,
309,2,,,,,3,1,3,,4,1,,,3,3,4,4,,,2,4,,,,4,1,4,2,,4,,,3,,3,,3,2,,,4,,4,4,2,4,4,2,,3
310,,4,,,,2,,,,,1,,2,,1,,,,,,3,,1,3,,,2,3,,,2,4,,,,,,3,4,1,,,,1,2,,,,2,
311,,3,,,,1,2,,3,3,1,,2,,,,2,4,,4,1,3,,3,,4,2,,,,,,1,2,,,1,,4,1,,,,1,,3,4,2,,3
312,3,4,2,3,4,1,3,4,1,,,,2,3,1,3,1,3,4,4,3,,,3,3,4,,1,3,,,2,4,3,3,3,3,3,1,,1,,4,2,,,,,1,1
313,1,4,1,3,,4,,1,1,,,,1,,,4,,,3,,1,,,,,,,,,,1,,4,1,2,,3,,,1,,2,4,,3,2,,,3,4
314,,1,,2,,1,3,,,,,3,,,4,1,2,1,,2,3,4,2,1,2,1,,1,1,,4,3,,2,3,4,1,4,3,,,,,,2,,,2,,
315,,2,,,4,,3,4,,,,1,,,,2,4,,,,,,,,,,4,,1,,4,,,,,,,,2,,,,,,1,3,4,,4,3
316,4,4,,3,,1,4,4,1,4,,,,1,,,2,1,1,1,,2,,,4,1,3,,3,,4,3,2,1,,,2,,1,,,,4,1,,,,4,3,2
317,1,,,,4,,1,,1,,1,,,1,2,,,2,,2,,,,,1,,2,,,,,,3,1,,,,,4,1,1,4,,3,1,,,,,
318,4,,,,2,3,1,2,,1,4,4,,2,3,2,,,4,4,,2,,1,,1,4,1,2,2,2,1,1,,1,1,,,,,3,,3,,2,4,,,2,
319,3,,1,,1,,4,4,2,3,,,2,2,4,,4,4,4,,1,2,,,2,1,,4,,4,4,,,,1,3,3,,,4,1,,,1,,2,1,2,3,
320,,2,,3,,,,4,2,4,2,,,,1,2,,2,3,1,3,1,,,1,,,3,,4,2,,1,,,2,,2,,,4,2,,1,,,,,,1
321,,1,1,3,2,4,2,3,1,4,2,3,4,,4,3,,2,1,1,,4,,4,3,3,4,2,,,4,2,1,3,1,4,,2,4,,,,3,1,4,,3,2,1,
322,,2,,4,,,,,3,,,,4,,,,4,,,,,4,,4,4,1,,,1,,3,,4,,4,4,,,,,1,,2,,,4,,4,,
323,2,1,4,,4,1,,4,2,4,,,,,1,,,,,,,,,,,1,2,2,,,,,1,,,,,1,,2,,4,,,,2,,1,,1
324,2,4,2,2,3,1,,,,1,,1,1,,,,4,,,1,,,4,3,,3,,1,3,,,,2,1,,,3,3,,,1,2,,2,4,,,4,1,1
325,4,,2,1,,2,,3,,,,2,,,4,,3,2,1,,,1,,2,4,,,3,,4,1,,,3,2,2,,,4,3,2,,,3,,1,2,,1,3
326,,,3,4,3,2,,4,,,2,3,3,,3,1,,1,,,,2,,,3,,,,,,,3,,,,,,3,,3,,3,,2,1,3,1,1,3,
327,2,1,2,,3,1,,4,2,,,,,4,,2,1,,4,,4,4,4,1,3,,,,4,,3,4,4,,1,1,,3,3,,,,,,3,4,3,4,,
328,,,3,4,,4,,,,,4,4,,1,,4,,,,3,,,,,2,,,2,4,2,,,,1,1,,,,3,,,,,,,,3,,,4
329,,,,4,,,2,,4,,1,,1,,,,4,2,,,,3,,,,,,3,,3,2,1,2,,,,2,4,,,1,,,2,,4,,,,3
330,1,4,3,4,3,3,1,,2,,,3,2,1,,1,,2,3,4,2,3,4,,1,3,,2,3,,1,,,1,4,1,3,,,,,,,4,,3,,,,3
331,3,2,4,1,3,3,2,,4,,,1,4,,2,2,1,1,,,2,,3,3,2,,4,1,,3,3,3,,,,2,3,,3,3,3,3,1,,4,3,3,3,4,2
332,,3,,4,,1,,2,,,,,,1,2,,1,,,,,1,,,,1,,2,,,2,2,,,2,,,,1,3,3,3,,,3,,,,,2
333,,,4,,3,,,,,,4,,,,,3,,,,,,1,,,4,,2,1,,,,,,,2,,,,,,,,,3,,1,,,,
334,,,3,,,,1,,,,2,,2,,,,4,2,,,4,,2,1,3,2,1,,,2,,,1,,1,3,,,1,,4,,,1,,,,,1,
335,3,2,4,3,,2,,1,1,2,1,,4,3,,1,,3,4,4,1,1,2,1,1,2,,3,,3,,3,,2,3,2,,,,1,1,3,3,2,2,1,3,1,4,
336,,4,4,1,4,3,4,2,,,4,,3,,1,,1,4,3,,4,,,,1,,,3,1,,,,,,,3,3,1,3,,,,,,3,4,1,4,4,3
337,1,,3,,,,,2,3,4,,4,,2,3,,,3,1,4,4,,4,2,,,2,1,,1,3,3,2,2,3,3,1,2,,,1,,,,4,,2,4,,1
338,,2,,,,,,,,1,,1,,,2,,,,,,,,,3,,,,,,3,,1,1,4,,,,2,,,3,,4,,,,,4,4,
339,,,2,,3,,4,,,4,4,3,,,,3,4,,,,,1,,1,,2,,,,2,,4,,,,,,,,3,1,3,1,,4,,,,,
340,,,,,,,,3,2,,,,,3,1,2,4,4,,3,,3,,4,,1,,,,,,3,4,4,,2,2,3,,1,2,1,3,4,,1,,,1,
341,,3,,,,2,4,4,2,1,1,4,3,,,2,3,3,,3,,4,,3,4,3,,,,2,4,,,,,,,,2,,,,,,,1,1,,,2
342,,,,,2,,1,,2,,2,,,3,2,3,3,,,2,3,,1,1,3,,,2,3,,,,4,,,,,,3,2,3,,2,3,,4,,,1,
343,,3,,1,,,,,3,2,,2,2,,3,2,,3,3,1,3,,2,,4,,1,2,,,3,1,1,2,3,2,2,,,,2,,1,3,3,,4,1,3,1
344,4,,1,4,,,,,,1,4,,2,2,4,,,4,,,1,,3,,1,,4,,2,,,,,,4,2,4,,,,1,,2,2,2,,,,,1
345,,,,,,1,,1,,1,2,3,,2,3,,1,1,4,4,3,,1,1,,3,,,,,3,,1,4,2,3,3,,,,1,,,2,1,,3,1,4,1
346,,,,,,,,2,4,,2,1,3,,3,3,2,,3,,,,3,1,3,,,,,,3,,1,2,2,,,,,,4,2,,3,1,,2,,2,3
347,,,3,4,1,4,,,,,3,,4,1,3,3,4,3,,3,1,1,,,1,,4,,,,1,,,,,2,,,4,,,,,,,2,,2,,4
348,,,,3,,,3,,,,,1,4,1,2,,4,3,,,,1,1,,,,4,4,2,,3,1,2,,1,3,,,,,1,,1,4,3,4,1,,,
349,,,3,,3,2,2,3,,4,,1,1,,,1,,,4,,,2,1,,,4,2,4,1,2,1,,,2,,2,,,,1,2,3,2,1,,1,,,1,
350,,,2,2,2,3,,4,4,2,,1,4,1,,,2,1,4,,,4,,2,,4,,2,1,,3,1,2,4,1,3,2,1,4,3,3,2,4,2,4,,,,,
351,3,,3,,,4,,3,4,,4,2,,2,,3,,,3,,,,,,,,4,,,,,1,,,4,,,,,,,,,,3,3,3,,,
352,2,,3,,4,,,,,1,4,1,,1,,3,3,2,3,3,1,,1,1,4,1,,1,,,2,4,,,2,,,,,1,2,,3,2,1,,,1,,
353,4,1,2,4,,1,2,,1,,3,,2,,,,,3,3,1,2,1,,2,2,,,1,,2,,1,3,3,,1,3,,2,4,2,2,2,,,,3,4,3,1
354,,1,,,,1,,,2,3,,3,,3,,1,2,4,3,1,2,,,4,4,1,3,3,3,3,,3,1,,4,3,1,,,,1,,,,1,4,,,2,
355,,1,4,3,,3,,,4,3,3,,3,,3,2,,1,2,,3,,2,1,,,2,,2,,3,,1,2,2,,,1,,,3,,4,,1,1,4,,2,3
356,3,,,3,,,,,2,,1,3,3,,,3,2,,,4,1,,4,,1,3,,3,,4,2,3,,,,3,2,1,2,3,1,4,,,,4,2,,2,3
357,,4,,3,,4,2,2,2,,,3,1,2,1,3,2,,,2,3,,3,4,,,3,4,1,1,2,,,3,2,4,,1,1,,4,4,2,1,1,2,3,,2,
358,1,1,2,,2,4,4,3,1,2,,2,2,4,,,,3,,1,2,1,,,,1,1,4,,4,,2,3,4,4,3,,3,,3,,,,,,,3,3,,
359,3,2,,,,4,3,,4,,4,4,3,2,,1,4,3,1,,3,3,,2,1,,,,4,4,,,,,1,4,3,,,2,2,,,3,,,1,,3,4
360,,,1,,1,3,4,3,3,3,,,4,1,1,4,4,,3,3,,2,3,1,4,2,4,1,4,4,4,4,,,,4,4,,2,,1,3,,3,2,,4,,1,3
361,,,1,,,1,,,,2,,,,3,3,,,2,,2,,,,,3,,,,,,,3,,,,2,,,3,,,,,2,,2,2,,4,
362,1,,4,,,4,4,4,2,,2,3,1,,,3,1,4,1,,3,3,,4,4,1,1,,4,4,1,,3,4,4,,2,2,4,,,3,2,4,,,,,1,2
363,1,2,3,,,4,,,,,,,4,2,,,,,,4,,,,3,1,,4,,2,3,,,2,,2,,1,,,,,1,,,,,,,,
364,3,4,,,,4,,3,,,3,,,,,3,,3,,,1,1,4,,1,1,,4,2,,,,2,1,,,,2,,,3,,2,4,2,,3,,4,3
365,,1,,2,,,,4,4,,2,,4,,2,1,2,4,,,,,,,3,,3,2,2,,4,4,2,,,4,2,2,3,4,3,2,,4,3,3,,,3,4
366,,,,,1,3,4,,4,2,1,3,2,,,2,4,3,,,2,1,2,1,1,,,1,3,,,,1,,4,,1,,4,,1,2,,1,,,3,,1,
367,,2,4,,3,1,,,4,,,,,,,,2,4,,2,,3,,,,,,3,3,,2,1,1,1,4,,2,1,,,,2,4,,,,,,3,
368,,,1,,2,2,,,,,,4,1,,2,,3,,,3,4,3,,,,,3,,,3,3,3,2,,4,,,,,3,,,,3,,1,,2,,
369,,4,1,2,,2,,3,4,1,2,,,,1,1,2,,,,1,,3,,,4,1,2,,,2,,,4,4,,1,3,1,2,3,,2,,1,2,,1,3,3
370,,1,,3,3,,,4,2,4,2,2,,4,4,4,4,,,,3,2,,,,2,1,,4,3,,,1,,4,3,3,3,2,,2,2,,3,,,,2,2,2
371,,3,,,2,2,,3,4,3,2,2,3,,,,,,1,,1,,1,,,,,1,3,,4,,,,,2,,,,1,3,,,,2,,1,,2,
372,1,1,,3,,,,3,1,4,,4,,3,,,,,2,1,,2,,,1,,4,2,,,4,,2,,2,2,,,2,4,,,,,,3,3,,,
373,3,1,,2,3,4,2,3,,4,,1,3,3,4,1,,,3,,,2,,,,,,,2,3,3,,,3,3,2,3,,2,3,,1,3,,2,4,,3,,3
374,2,2,,,2,,4,,2,,1,,,,1,3,,3,3,4,3,,1,,4,,3,,1,2,4,2,4,3,2,2,2,4,2,4,,,,1,3,,,3,2,2
375,2,1,,,,3,4,,,2,1,4,1,3,,,2,3,2,4,,4,4,2,,,,,,,,4,2,3,4,1,,4,2,,,3,3,,2,2,1,,3,3
376,,,2,3,,,,2,4,1,,3,3,,,1,2,,3,4,,3,,1,3,1,4,4,3,2,,,,2,3,3,2,,,3,1,,,,,3,4,,,2
377,,,1,,1,,,1,,,3,2,1,,1,4,,3,,,,,,,,4,2,3,,,,,4,,,1,,1,,3,2,,2,,,1,,,3,
378,1,4,1,,2,3,4,3,,4,,,,1,1,,,,,1,2,4,,,,2,1,,,,2,,,3,,,1,,,2,2,,,3,,,,,,4
379,,3,2,,2,,2,3,2,4,2,4,,3,,3,,1,2,3,,1,4,,2,,1,3,,2,4,,1,3,,,,3,,1,,,3,,4,,2,,2,1
380,3,3,1,4,4,4,1,,,4,,3,4,,,,4,3,3,3,3,1,4,2,4,,,2,,,3,,3,4,4,1,3,2,4,4,1,1,,3,,4,1,4,3,3
381,,1,1,2,1,,,,4,3,2,3,2,,2,4,3,,,,4,,1,,1,,2,,,3,,4,1,4,,3,1,,1,2,,,3,2,,2,1,,3,
382,1,,3,3,2,1,1,3,3,,3,,3,1,4,3,2,,4,3,,,,1,2,1,,,,,2,4,2,,,,,,,,2,,3,,,3,,2,,
383,4,,1,,,,,,4,,,2,,,,4,1,,1,,,2,3,,4,,,,,1,3,,,4,,3,,3,2,2,,2,4,4,,,,,,
384,4,,,,2,,,,4,,,2,,2,3,,,,,3,,1,,,,3,,4,3,,1,1,,,,,,,2,,,,,,2,,,3,,3
385,,2,,2,1,,,2,,,,3,,3,,,,1,,1,,,,3,,,4,2,4,,,,,3,1,4,,1,,1,,,,4,,3,,,,2
386,,,,4,4,,,,,,,,4,2,,1,,,,,,3,,4,,1,2,2,,,,1,2,,3,,,,2,,,,4,,,,3,1,3,3
387,2,1,,1,1,,1,2,4,2,3,1,1,,4,,,4,2,3,,1,2,2,2,3,2,1,,,1,,,,1,2,2,1,3,,4,1,4,3,3,1,2,1,,2
388,3,,2,,1,,,,,1,,,,2,,4,2,3,4,3,,1,3,,4,,4,1,4,3,,,1,1,4,1,2,1,2,,1,2,4,,4,1,,,,2
389,,1,2,,,1,1,,,,,4,,3,,,1,,,,,,,2,,,,,1,1,,,,2,,,,,3,2,3,,,,,,,,4,2
390,2,,,2,3,,,,,,,4,,1,1,,,4,,2,1,,,,,1,,4,,,1,,,1,4,1,,,2,3,3,,,,,,3,,3,
391,,3,,3,2,1,,,,,,,2,1,,,1,3,3,1,,3,,,,4,2,,,2,,,1,4,4,,3,,,3,3,,,3,2,,1,,,
392,4,,,,,,3,1,,4,,,,1,3,,,2,,,1,,,2,,,,2,,1,,2,,1,,,2,,,,1,,,,4,,3,,,
393,,4,1,,4,1,,,2,,4,,1,,1,,,4,2,,,1,1,1,,,,3,,1,,3,,4,1,4,4,,,1,2,,3,,4,,,2,,3
394,3,4,2,4,,1,3,,1,,,,,1,2,1,3,,2,,,2,,,,3,,2,,,2,3,4,,3,,,3,3,,4,3,1,1,,3,,2,,2
395,1,,,3,,1,3,3,2,3,3,3,,,,2,,,4,3,2,4,,1,4,4,4,1,3,,2,1,,,3,,1,2,,2,1,2,1,1,4,,4,,1,1
396,1,,1,,1,,,3,,,1,,1,,,,,,,1,2,,,3,4,,4,2,,,,,,,,,2,,,,,,2,,,,1,3,,
397,,4,,2,,,2,,,,,4,,,1,,3,,,,4,3,3,2,1,,,3,4,2,,2,1,,,1,,4,,3,,,,,,2,3,,3,
398,4,2,1,1,4,,2,2,4,,1,1,,3,1,,,,,,2,,,3,,,,4,1,,,,,,,3,1,1,3,2,,,,,1,1,,4,,4
399,,2,1,3,,,2,1,2,,2,3,1,,,3,,4,4,4,2,1,,,1,3,3,3,,,1,,,2,3,1,,,1,1,,,,4,,,1,1,,1
400,,,3,4,3,1,3,,4,,2,,,2,,4,,,,2,2,1,3,,1,,,,,4,2,4,,,,,2,,,,4,,4,,,,,3,2,
401,,,1,,3,4,4,4,,1,,1,1,2,,,2,4,4,4,,,2,,3,,4,3,4,,1,,1,,3,,,,3,,2,,2,,3,4,,4,,
402,,2,,1,1,,,1,4,,,,1,,,,,2,1,,,,,,,1,1,,,,,1,1,,,4,,,,2,,,,,,,,,,1
403,,4,4,,1,2,4,4,,1,2,4,,4,,,4,2,3,4,3,2,3,4,2,,4,,,,3,,,2,3,,3,3,,,2,,1,2,3,2,4,4,,
404,3,3,1,3,,1,,3,,4,,,3,3,2,,,1,3,4,2,3,2,,2,,3,1,3,3,,1,,,,,1,,2,,,4,,1,3,2,4,3,,2
405,4,4,1,2,1,,3,,2,,1,2,4,,1,2,2,3,3,4,1,,4,2,4,2,3,1,1,,1,2,,3,4,2,2,,,4,2,2,2,,4,3,3,2,3,3
406,,1,2,4,2,,4,2,3,,2,,,3,2,1,3,3,1,,1,4,4,,1,2,,,2,,1,3,,,,3,,2,2,,,4,,4,,,3,4,2,
407,,,,,,,,,,4,4,1,,,,,1,,,,3,,,4,,,,,,1,,,2,,,,,,,4,,,2,,,,,1,,
408,,,,2,2,,,4,1,1,,,,3,4,3,3,4,,,,,,,,,4,,2,,,,1,3,,,,,,,1,,3,,,3,,,,
409,2,1,,3,4,3,4,3,,3,3,4,,1,,,,4,,2,4,4,3,,1,2,,3,3,,,,,3,2,4,3,4,,1,3,3,4,1,2,2,,,,
410,,,4,3,2,1,,,,,,,,2,3,1,,3,,4,,3,,,3,,,,,,,2,,,3,,,,,3,,3,3,,4,,,2,,
411,4,,,1,,,1,,,4,1,3,2,,,1,,4,4,3,1,4,4,,1,1,,3,1,4,,3,,2,,4,,,2,,,4,1,,3,,1,,4,1
412,4,2,,4,,4,1,,4,2,,,1,3,1,2,2,2,,3,2,2,4,,,3,1,,,1,,,,1,,,1,1,,,,2,3,,1,3,,4,,3
413,2,3,,3,,3,,2,1,,3,,2,1,3,2,,2,2,,3,3,,4,2,,1,,1,3,4,,2,1,,4,2,4,1,,,2,1,,2,,3,,1,3
414,,,2,2,2,,4,4,,1,1,,1,,2,1,,2,,2,3,,3,,,,4,2,4,1,4,2,,,4,4,4,,1,2,,,4,4,,,4,2,4,4
415,,,,,4,,4,2,1,1,,,,,,,2,2,,1,,,4,4,,,4,,,1,3,3,,1,,,4,2,,,,,4,,,,,2,1,4
416,,2,,,,,,3,3,2,,,,2,1,,3,1,4,4,1,1,4,3,2,,,3,,1,2,,3,,1,1,2,2,4,,4,4,,,4,3,3,1,2,2
417,,2,,,1,,4,4,3,,,,,1,3,,3,1,,3,,,1,,,1,1,,,,,2,4,,,3,2,1,4,2,4,4,2,,,,1,4,,
418,2,4,,,,2,4,3,1,,3,4,3,2,1,2,4,4,2,4,1,3,4,,2,3,1,,,4,4,1,,1,,3,,3,,1,4,,4,,2,3,,,,4
419,3,,2,,,,1,,4,,,2,4,,4,,,,,1,2,,2,4,1,4,2,,1,,,,1,,2,1,,3,3,,3,,,2,,,1,2,4,2
420,,,1,1,,,3,,2,3,,,3,2,,,2,3,,,3,4,1,,,2,,2,,3,,,,,,,,,,2,,,2,2,3,1,3,1,1,
421,4,,,3,,2,,3,3,3,,,,,,1,3,4,2,1,2,2,3,3,,2,3,,1,,1,,1,4,1,1,3,3,4,2,3,4,,3,2,2,,,,
422,4,2,,,3,,,4,,3,3,4,,,3,,,1,,,,,,,,,,,,4,,,,,4,,3,2,,4,,4,,,3,1,,,,1
423,2,,2,,2,4,,3,,2,1,4,,1,,,4,,,,3,1,,1,3,,,,,,,,1,,,,4,2,,1,,,2,3,,3,,,,3
424,,4,4,,,,,,,,2,3,2,,3,,3,1,3,1,,2,,,2,,2,4,,4,4,1,2,,2,4,2,2,1,1,,,,3,,1,4,3,1,3
425,2,,,,4,2,2,,3,4,1,4,1,,4,,1,4,3,2,3,,4,3,2,4,4,4,,,3,2,,,2,1,,,2,3,3,,,,2,1,3,,3,
426,,3,3,,1,,4,,,1,,1,,4,,1,,3,,4,,,3,1,1,,3,3,1,2,2,3,,3,,1,3,,3,,3,4,3,,,4,3,4,2,4
427,,,3,3,,2,4,,,,2,,,,,3,,,3,,,1,3,4,3,3,,,,,,,,,,1,,2,,,1,,,,,,,,,
428,4,4,,4,1,1,1,,3,1,1,1,2,,4,3,,2,4,4,,3,1,,3,,,4,3,3,2,1,3,,1,1,3,4,4,3,,,4,4,4,,3,1,,3
429,1,2,,,3,1,,,3,,4,3,2,,,4,2,3,,,3,,,,3,2,,2,1,3,4,2,1,1,,1,3,,3,1,,4,2,2,3,,2,3,2,
430,,4,,3,4,4,4,4,1,,3,,,,,,2,,1,2,,,,,,,,,,2,2,,,,3,,,,,3,4,,4,4,4,,,,,2
431,1,4,,3,2,2,3,1,,1,,4,,,1,1,,,,,,,,,,2,1,4,,1,4,4,,,,,4,,,,,3,,,,,3,,,
432,,,,,,,1,,3,,2,,1,,4,,1,1,,,,,,,1,,3,1,4,,,,,,,,2,,,,,2,3,1,,4,4,4,,
433,,,,,,4,3,3,,,2,,2,,1,1,,,1,2,3,,1,1,,3,3,,3,,,1,1,,,3,4,,,4,,,,,,,,3,1,2
434,4,,,,3,,3,,,4,,,4,,,,,1,,,3,,,1,,4,,,2,,,,,,,,,,,,3,,1,4,,,1,,,
435,,1,1,,3,,2,,2,3,,1,4,,1,3,4,,,3,1,2,3,1,,2,4,,2,2,4,2,2,4,3,2,,4,1,,1,4,2,3,3,4,2,2,4,
436,4,2,1,,,2,,,4,3,,1,,1,2,,,4,4,,1,4,3,3,,,2,1,1,3,4,,,2,4,,,,3,,,,4,,2,,4,,2,
437,,2,4,2,2,,2,1,,1,4,,4,1,,,4,3,,,2,,2,4,1,1,,1,3,1,2,1,3,,4,4,1,,2,,,2,3,,2,2,,4,4,4
438,3,,3,4,,1,,,,4,4,,2,,,4,3,,,,2,2,4,,4,3,2,,,1,,4,,1,,2,2,,3,3,2,,,1,,4,1,,1,
439,3,,,,2,,3,,,,,,4,,1,,,4,3,,,,,4,1,,,,,1,2,1,,,,,2,,,,,,,,,,,1,,3
440,1,1,,1,4,2,2,2,3,,1,3,2,3,4,,3,3,4,1,1,,1,3,,,,,3,,1,4,2,1,,4,4,2,1,,,,2,,2,,,4,,1
441,3,,,,,3,3,1,,,,,,,,3,,,,4,,,2,,2,2,,,,,1,,1,2,,,,,,2,,,,1,2,4,3,2,1,4
442,4,1,,3,2,2,,3,,,4,4,4,,4,,,2,,2,2,3,,1,1,3,1,,3,4,,2,,,4,2,3,3,,,2,3,,2,,4,,3,2,3
443,,,1,3,1,,,1,2,,4,1,4,,,4,,,2,4,,3,4,,,,,1,1,,2,,,3,3,3,,2,4,,,,,,1,,,,2,
444,,,,,,,3,,,3,2,2,4,1,,,1,2,,1,1,2,,4,1,,,3,1,4,3,,4,,4,3,1,4,,3,1,,2,3,,1,3,3,,
445,1,,4,,,2,1,,,,1,4,1,4,1,3,2,3,3,2,4,3,,1,,3,,1,2,,,2,,2,1,,,4,3,1,,3,,3,,,3,,1,3
446,1,,,,,,,3,,,,,,1,4,4,3,2,1,,,,,,,,,4,4,2,1,,,,,,4,4,,,,,,3,,,4,3,,2
447,,3,3,,3,4,,3,2,,3,4,1,1,,,,4,2,,1,4,1,1,1,3,2,2,,2,4,,,3,,,2,,2,,1,1,,,,1,1,4,,
448,,,4,,3,1,,4,,4,4,,,1,,4,2,,1,,,3,3,2,4,,3,3,,1,1,,3,,2,,4,,1,1,4,,2,3,,3,3,,2,4
449,2,3,,2,,1,2,2,4,3,1,1,4,3,2,1,,2,2,3,,3,2,3,3,,1,3,3,,,,,2,,4,1,3,,2,3,2,4,,,2,3,2,2,
450,,4,2,3,2,,2,,,1,,4,,,1,,,1,2,,3,,,,3,4,4,4,,4,3,3,2,,,3,2,,4,3,,3,1,1,,2,1,,4,3
451,2,1,1,4,2,4,2,3,3,,4,4,,4,3,,2,2,,2,,3,1,3,,2,3,3,2,4,3,,4,3,1,4,,2,,3,4,,2,,,,3,1,3,1
452,,,,,2,4,,,3,,,,,,,,,,4,,2,,,1,,1,4,4,,,,,3,,4,,3,,,,,,,2,,4,,3,,3
453,1,,,,2,1,2,4,2,,2,,2,,,2,,,,,1,2,3,,2,,,3,,2,2,,2,1,,3,3,,4,2,3,3,,3,,1,4,2,3,1
454,3,4,4,2,1,2,4,,1,,4,,2,3,,2,,2,2,,4,,,1,3,2,4,1,1,1,1,3,4,,,,,3,1,2,4,2,3,,4,1,3,2,2,3
455,1,,,,,,,1,2,,2,,1,,2,,,2,,4,2,,2,,,,,,2,4,,,,,,,3,4,,,2,,,,,,3,,,
456,4,4,,1,,3,,,,4,,,4,2,3,,3,,,2,4,,,,,,,3,3,3,,4,,3,,2,1,1,,,1,4,,,1,,3,3,,1
457,,,,,,1,,,,,3,,,4,,3,,,,4,4,4,,,,,3,,4,,2,,,2,,3,1,2,,1,4,,4,,,,1,,,4
458,,,,4,1,3,4,2,,,,2,1,,4,,3,1,2,2,1,3,,,2,,,3,1,3,4,3,,1,4,,4,,,,4,,1,,1,,,4,3,3
459,,,1,,4,,4,,1,3,,,,4,,3,4,3,,2,,1,,,,,1,3,3,,3,,4,3,4,1,2,3,,2,1,,1,3,,,,,,2
460,1,,,,,,1,,,,,,2,,,,,,,,,,,,,1,,2,2,,3,,,,,,2,2,,2,,,,,2,,,,1,4
461,,,,1,,,,,3,,3,,,,,,,3,,,,,,1,,2,,,,,,,,,,1,1,2,,,2,3,4,1,,3,,,,
462,3,,,3,2,,1,,,,,2,4,,,4,,2,3,3,1,,,3,,,4,,1,,,,,,4,,,3,4,,2,1,4,,4,3,,,,
463,3,,4,,3,1,,1,,1,1,,,,,,,4,4,,4,,4,1,,,1,1,4,1,,4,3,4,3,3,4,4,,2,,3,,,2,2,,,2,
464,1,,1,,4,,,2,,1,3,,3,,,1,,,,1,2,4,3,,,,,,2,2,4,3,,3,4,1,,1,,4,4,1,,,2,,,2,2,2
465,1,4,,,4,,,3,,4,,,4,,2,2,1,,3,,,,3,,1,2,,,2,4,1,2,3,,1,,3,4,3,4,,,,,1,,,,,
466,1,2,,,3,,,,,4,,1,,2,1,,,,,,1,1,,2,,3,,2,,3,4,,2,,3,3,,,3,,,3,2,,,4,,2,1,
467,,,,2,3,1,,,,2,,3,,1,,,3,,,,,,,,1,2,2,,,,,,4,,,,,,,1,2,,3,1,2,2,,,,
468,,,3,,3,,4,,3,,2,,2,2,4,1,1,2,4,,,,,,3,1,,1,4,3,,,,4,,2,4,2,,,,1,1,4,3,3,2,,3,4
469,,3,3,,,3,,3,1,2,3,,1,3,,,,3,,,,3,4,1,4,1,,2,,4,,,1,2,,,4,,,1,4,1,,,,,,4,,1
470,1,,2,,,4,2,2,,2,2,1,2,,,1,,,,,,,4,,3,4,1,1,2,1,4,4,1,4,2,1,,4,,,,4,,3,3,3,4,4,4,
471,,,,,,,,,4,,,,,,2,,3,,2,2,,,4,,4,3,3,,2,,,,2,,3,,,,1,3,,,,,,,,4,4,
472,,3,,1,3,4,,,,1,3,2,1,,,4,,,,,,4,,3,,,,2,,,4,,,,,3,,,,3,,3,,,,,4,,3,
473,1,,1,1,3,1,1,3,,3,1,1,1,2,3,,3,2,3,4,,2,,2,4,,4,,,,4,2,2,,3,1,4,4,,,2,1,,3,1,1,3,4,3,
474,,3,,,2,2,1,,,3,,2,,,3,,2,,1,,3,,4,2,,,2,3,,3,1,,3,,2,,,,4,3,,3,,4,3,,,,,
475,,4,1,,4,,,1,2,3,1,2,,3,4,1,1,3,1,4,1,4,2,3,1,,3,3,1,3,,2,4,4,1,4,1,4,,4,,4,2,,3,2,,3,2,1
476,3,,1,,1,2,,2,,2,,,,,1,1,,3,4,1,4,,2,4,,,3,,3,4,1,,,,1,,1,,,,,3,,,,,,2,1,
477,,3,,4,3,,2,4,3,1,2,2,3,,4,1,1,1,4,4,1,4,4,,2,,,4,4,3,,,2,,,2,,,3,,1,4,,,,,2,,,3
478,3,4,,,4,2,,,1,4,,1,,,2,,,,2,3,,1,,2,3,2,,,3,,3,,3,,,,3,1,,,,,,,,,2,,,3
479,4,2,3,4,,2,,3,,,4,4,3,2,2,,,4,3,4,3,1,,,3,,2,2,3,4,1,4,,,,,,4,,,3,,,3,,,1,1,1,
480,4,3,4,,3,2,3,,,4,2,,3,3,3,,,3,1,1,3,4,,,,,2,,,,2,1,4,3,,4,3,2,1,1,4,,3,,,1,2,,,2
481,1,,3,,2,,4,,3,,4,,4,2,3,3,,,,,,,,3,,,,3,,,,,,3,,,2,,2,,,,2,,,2,3,,,
482,3,4,2,3,,3,,,,,,2,,2,,1,1,,3,,,4,4,,1,1,4,3,,,2,2,,4,1,4,,,,,2,2,4,1,,,,4,,3
483,4,,,2,,2,2,2,3,4,3,4,,,,,,,,,,2,,,,3,,4,1,,,,,1,,,,4,,4,,,,,4,2,,,2,4
484,3,3,3,1,4,,,4,2,4,,1,1,1,1,2,1,1,,2,,3,,4,4,1,1,4,1,,4,1,1,1,1,2,1,4,4,4,1,,,3,2,,1,3,,1
485,3,,,2,,1,2,3,,,,1,3,1,,,,,,,1,1,,,,2,,2,,,4,3,,2,,,2,,,1,,,1,,,,1,1,,
486,,3,,2,4,2,,4,2,4,,,4,3,,,4,1,,2,,,2,1,1,,1,2,4,,1,2,2,1,3,3,2,1,2,,4,2,2,4,4,1,2,2,,2
487,2,4,,,,2,3,1,,1,,,,1,,4,,,,4,2,2,3,,1,1,3,2,,,2,,,,,,,,2,,2,,1,3,3,1,,3,2,4
488,,,,4,,,1,,2,,,,,4,3,4,2,,3,3,1,1,3,3,,3,,,1,,3,1,4,1,1,,,4,,,1,,,,,4,1,,1,
489,1,4,,4,1,,,,3,3,,1,3,1,1,2,2,2,,2,2,,,4,,3,4,1,2,3,3,4,3,3,,3,,4,,1,,2,,2,,2,2,4,2,
490,,4,,,2,,1,,3,2,,,,,4,,2,,,1,4,1,,,3,4,2,,4,3,,,,,1,1,,2,,4,,,,2,2,1,,4,,2
491,,,,2,,,1,1,4,,1,,,3,,4,1,4,,,,2,1,1,,3,3,2,,,,3,2,,3,,1,,,4,,,2,2,,4,,,4,
492,,2,4,2,2,3,,2,2,,,3,,,2,4,3,,4,2,2,,,3,4,3,1,2,2,,2,4,1,1,3,2,,,,,2,4,3,,,4,,,,4
493,,,2,,,,4,,4,,1,4,3,2,2,2,3,,,,,,4,,,,,3,3,,,2,,1,,,,4,3,,4,2,,,,,,1,3,1
494,3,,3,,3,1,2,1,2,,2,,3,,2,,1,2,,,,1,3,4,3,3,,,3,4,2,,2,,3,,,3,,3,3,4,4,,2,4,,,4,
495,,1,,,4,,,,,,,3,,4,,2,,,,3,1,1,,,1,3,,,,3,1,,,1,,1,2,,,1,2,,,3,,,1,,,
496,4,,,4,,,4,,2,4,2,,3,3,4,1,2,4,4,,,2,,2,,3,3,,1,4,4,2,4,2,4,,4,1,2,3,,,,,3,4,2,1,,1
497,1,,3,,2,,,,,,,,,1,2,,,2,,,,,,3,,1,,1,,2,3,,,3,3,,1,,2,1,,,,,,1,4,,4,2
498,4,,,,1,,,,2,1,2,,,4,2,,2,2,,,,,,1,3,,,,,,,,,,,4,,,,,2,,,,,4,,4,,4
499,2,,1,,4,3,1,,3,,3,,,2,,,3,2,,,,2,,3,,1,3,4,2,,4,,3,1,1,,,1,2,,,,,,4,,3,,,3
